{"accuracy": [0.7774999737739563, 0.8461166620254517, 0.8567166924476624, 0.8637833595275879, 0.8723333477973938, 0.8745999932289124, 0.8796666860580444, 0.8819833397865295, 0.8844833374023438, 0.886983335018158, 0.8884166479110718, 0.8894333243370056, 0.8934666514396667, 0.8945333361625671, 0.8965166807174683, 0.8960833549499512, 0.8995333313941956, 0.9003499746322632, 0.902916669845581, 0.9039333462715149], "loss": [0.6140871644020081, 0.43058228492736816, 0.3937707543373108, 0.3716124892234802, 0.3502997159957886, 0.34043410420417786, 0.3304065763950348, 0.3206061124801636, 0.31151026487350464, 0.3049662113189697, 0.2978648245334625, 0.29548928141593933, 0.28369176387786865, 0.28343459963798523, 0.27615147829055786, 0.2729552984237671, 0.26990652084350586, 0.2652793228626251, 0.258157342672348, 0.25673481822013855], "val_accuracy": [0.8355000019073486, 0.8579000234603882, 0.8564000129699707, 0.8646000027656555, 0.862500011920929, 0.8765000104904175, 0.8755999803543091, 0.8798999786376953, 0.878600001335144, 0.8776000142097473, 0.8791000247001648, 0.8851000070571899, 0.8847000002861023, 0.8880000114440918, 0.8873999714851379, 0.8859999775886536, 0.8859000205993652, 0.8867999911308289, 0.88919997215271, 0.8913999795913696], "val_loss": [0.4514020085334778, 0.4014231562614441, 0.38749516010284424, 0.3692064583301544, 0.3832208514213562, 0.3503028154373169, 0.33807891607284546, 0.338678240776062, 0.3347908556461334, 0.3373899757862091, 0.33226722478866577, 0.318697065114975, 0.32351598143577576, 0.3157442510128021, 0.31437915563583374, 0.3252899646759033, 0.31527361273765564, 0.3152821362018585, 0.3160761594772339, 0.3146352171897888]}