{
  "Logistic Regression": {
    "accuracy": 0.8442,
    "train_time": 61.16095995903015,
    "report": "              precision    recall  f1-score   support\n\n T-shirt/top       0.80      0.81      0.80      1000\n     Trouser       0.97      0.96      0.96      1000\n    Pullover       0.72      0.74      0.73      1000\n       Dress       0.83      0.86      0.84      1000\n        Coat       0.74      0.76      0.75      1000\n      Sandal       0.95      0.92      0.93      1000\n       Shirt       0.63      0.57      0.60      1000\n     Sneaker       0.91      0.94      0.93      1000\n         Bag       0.93      0.94      0.93      1000\n  Ankle boot       0.95      0.95      0.95      1000\n\n    accuracy                           0.84     10000\n   macro avg       0.84      0.84      0.84     10000\nweighted avg       0.84      0.84      0.84     10000\n",
    "confusion_matrix": [
      [
        805,
        2,
        11,
        52,
        4,
        3,
        112,
        0,
        11,
        0
      ],
      [
        4,
        957,
        4,
        26,
        4,
        0,
        3,
        0,
        2,
        0
      ],
      [
        23,
        4,
        739,
        10,
        124,
        0,
        87,
        1,
        12,
        0
      ],
      [
        25,
        18,
        17,
        861,
        29,
        0,
        39,
        0,
        11,
        0
      ],
      [
        0,
        2,
        115,
        35,
        764,
        0,
        78,
        0,
        6,
        0
      ],
      [
        0,
        0,
        0,
        1,
        0,
        922,
        0,
        49,
        6,
        22
      ],
      [
        141,
        1,
        125,
        40,
        100,
        0,
        569,
        0,
        24,
        0
      ],
      [
        0,
        0,
        0,
        0,
        0,
        33,
        0,
        940,
        0,
        27
      ],
      [
        8,
        1,
        9,
        14,
        3,
        5,
        20,
        5,
        935,
        0
      ],
      [
        0,
        1,
        0,
        0,
        0,
        12,
        1,
        36,
        0,
        950
      ]
    ]
  },
  "SVM": {
    "accuracy": 0.8829,
    "train_time": 1288.0535180568695,
    "report": "              precision    recall  f1-score   support\n\n T-shirt/top       0.83      0.86      0.84      1000\n     Trouser       0.99      0.96      0.98      1000\n    Pullover       0.79      0.82      0.80      1000\n       Dress       0.87      0.89      0.88      1000\n        Coat       0.81      0.81      0.81      1000\n      Sandal       0.96      0.95      0.96      1000\n       Shirt       0.72      0.66      0.69      1000\n     Sneaker       0.93      0.95      0.94      1000\n         Bag       0.97      0.98      0.97      1000\n  Ankle boot       0.96      0.95      0.96      1000\n\n    accuracy                           0.88     10000\n   macro avg       0.88      0.88      0.88     10000\nweighted avg       0.88      0.88      0.88     10000\n",
    "confusion_matrix": [
      [
        857,
        0,
        16,
        28,
        3,
        2,
        85,
        0,
        9,
        0
      ],
      [
        4,
        962,
        2,
        25,
        3,
        0,
        4,
        0,
        0,
        0
      ],
      [
        11,
        2,
        816,
        16,
        88,
        0,
        65,
        0,
        2,
        0
      ],
      [
        27,
        3,
        11,
        890,
        33,
        0,
        32,
        0,
        4,
        0
      ],
      [
        1,
        1,
        87,
        32,
        815,
        0,
        61,
        0,
        3,
        0
      ],
      [
        0,
        0,
        0,
        1,
        0,
        951,
        0,
        33,
        1,
        14
      ],
      [
        135,
        1,
        103,
        27,
        68,
        0,
        655,
        0,
        11,
        0
      ],
      [
        0,
        0,
        0,
        0,
        0,
        21,
        0,
        955,
        0,
        24
      ],
      [
        3,
        1,
        1,
        5,
        2,
        2,
        4,
        5,
        977,
        0
      ],
      [
        0,
        0,
        0,
        0,
        0,
        11,
        1,
        37,
        0,
        951
      ]
    ]
  },
  "Random Forest": {
    "accuracy": 0.8748,
    "train_time": 80.88518214225769,
    "report": "              precision    recall  f1-score   support\n\n T-shirt/top       0.82      0.86      0.84      1000\n     Trouser       0.99      0.96      0.98      1000\n    Pullover       0.76      0.81      0.78      1000\n       Dress       0.88      0.90      0.89      1000\n        Coat       0.77      0.81      0.79      1000\n      Sandal       0.97      0.96      0.97      1000\n       Shirt       0.72      0.58      0.64      1000\n     Sneaker       0.92      0.95      0.94      1000\n         Bag       0.96      0.97      0.97      1000\n  Ankle boot       0.95      0.94      0.95      1000\n\n    accuracy                           0.87     10000\n   macro avg       0.87      0.87      0.87     10000\nweighted avg       0.87      0.87      0.87     10000\n",
    "confusion_matrix": [
      [
        860,
        0,
        12,
        30,
        4,
        1,
        81,
        0,
        12,
        0
      ],
      [
        1,
        963,
        5,
        20,
        4,
        0,
        6,
        0,
        1,
        0
      ],
      [
        11,
        0,
        809,
        10,
        113,
        0,
        53,
        0,
        4,
        0
      ],
      [
        19,
        3,
        10,
        903,
        31,
        0,
        32,
        0,
        2,
        0
      ],
      [
        1,
        1,
        99,
        35,
        812,
        0,
        50,
        0,
        2,
        0
      ],
      [
        0,
        0,
        0,
        1,
        0,
        957,
        0,
        28,
        1,
        13
      ],
      [
        160,
        1,
        125,
        30,
        89,
        0,
        578,
        0,
        17,
        0
      ],
      [
        0,
        0,
        0,
        0,
        0,
        15,
        0,
        949,
        0,
        36
      ],
      [
        1,
        2,
        5,
        1,
        5,
        1,
        6,
        5,
        973,
        1
      ],
      [
        0,
        0,
        0,
        0,
        0,
        9,
        1,
        44,
        2,
        944
      ]
    ]
  },
  "ANN": {
    "accuracy": 0.8914,
    "train_time": 27.115617990493774,
    "report": "              precision    recall  f1-score   support\n\n T-shirt/top       0.86      0.81      0.84      1000\n     Trouser       0.98      0.98      0.98      1000\n    Pullover       0.81      0.81      0.81      1000\n       Dress       0.90      0.90      0.90      1000\n        Coat       0.80      0.83      0.81      1000\n      Sandal       0.96      0.98      0.97      1000\n       Shirt       0.71      0.73      0.72      1000\n     Sneaker       0.95      0.96      0.95      1000\n         Bag       0.98      0.97      0.98      1000\n  Ankle boot       0.97      0.95      0.96      1000\n\n    accuracy                           0.89     10000\n   macro avg       0.89      0.89      0.89     10000\nweighted avg       0.89      0.89      0.89     10000\n",